Ser Hα,Leu HN,247,272,262
Leu Qβ,Asp HN,298,458,371
Ser Hα,Pro Hα,201,221,170
Pro Hα,Leu HN,321,353,251
Pro Qδ,Leu HN,393,575,402
Leu Hα,Asn HN,233,256,237
Leu Qβ,Asn HN,311,474,263
Leu Hγ,Asn HN,310,341,287
Asn HN,Val HN,294,323,302
Asn Hα,Val HN,316,348,345
Asn Qβ,Asn Qδ,287,788,353
Val HN,Asp HN,262,288,232
Val Qγ,Asp HN,348,736,406
Val Hα,Asp HN,324,356,347
Val Hβ,Asp HN,293,322,259
Asp HN,Ser HN,312,343,372
Asp Hα,Ser HN,244,268,252
Ser HN,Ser Hα,298,328,269
Ser HN,Ser Qβ,274,428,278
Ser Hα,Ser Qβ,224,366,244
Pro Hα,Pro Qβ,260,411,237
Pro Qβ,Pro Qδ,277,564,345
Leu HN,Leu Hα,289,318,281
Leu HN,Leu Qβ,334,502,279
Leu HN,Leu Hγ,360,396,336
Leu Hα,Leu Qβ,264,418,256
Leu Hγ,Leu Hγ,267,294,237
Leu Hα,Leu Qδ,261,607,347
Asn HN,Asn Hα,265,291,234
Asn HN,Asn Qβ,280,436,286
Asn Hα,Asn Qβ,237,383,244
Asn Hα,Asn Qδ,367,765,398
Val HN,Val Hα,307,338,278
Val HN,Val Hβ,253,278,249
Val HN,Val Qγ,320,694,326
Val Hα,Val Hβ,232,255,270
Val Hα,Val Qγ,276,630,258
Asp HN,Asp Hα,257,283,282
Asp HN,Asp Qβ,291,449,255
Asp Hα,Asp Qβ,248,396,251