Ser HN,Val HN,368,405,366
Ser Hβ2,Leu HN,400,440,326
Ser Hβ2,Asn HN,395,434,351
Ser Hβ3,Asn HN,390,429,350
Ser Hα,Pro Qδ,210,435,226
Pro Qδ,Leu HN,364,539,388
Leu Hα,Asn HN,324,356,317
Asn HN,Val HN,392,431,354
Asn Hα,Val HN,288,317,299
Asn Qβ,Val HN,306,469,243
Val HN,Asp HN,364,400,249
Val Hα,Asp HN,304,334,264
Val Hβ,Asp HN,385,424,257
Asp HN,Ser HN,282,310,266
Asp Hα,Ser HN,309,340,332
Asp Qβ,Ser HN,421,610,305
Ser HN,Ser Hα,268,295,274
Ser HN,Ser Hβ2,343,377,251
Ser HN,Ser Hβ3,320,352,269
Ser Hα,Ser Hβ2,236,260,257
Ser Hα,Ser Hβ3,240,264,246
Pro Hα,Pro Qβ,233,383,253
Pro Hα,Pro Qγ,270,424,322
Pro Qβ,Pro Qδ,268,552,342
Pro Qγ,Pro Qδ,281,569,225
Leu HN,Leu Hβ2,375,412,221
Leu HN,Leu Hβ3,353,388,305
Leu HN,Leu Hγ,476,524,269
Leu Hα,Leu Hβ2,313,344,277
Leu Hα,Leu Hβ3,293,322,258
Leu Hα,Leu Hγ,306,337,261
Leu Hα,Leu Qδ,285,642,347
Asn HN,Asn Hα,282,310,283
Asn HN,Asn Qβ,339,509,277
Asn Hα,Asn Qβ,234,378,254
Asn Qβ,Asn Hδ21,283,440,269
Asn Qβ,Asn Hδ22,386,568,361
Val HN,Val Hα,297,327,274
Val HN,Val Hβ,333,366,278
Val HN,Val Mγ1,396,554,354
Val HN,Val Mγ2,348,490,284
Val Hα,Val Mγ1,287,409,281
Val Hα,Val Mγ2,289,412,322
Asp HN,Asp Hα,306,337,247
Asp HN,Asp Qβ,283,439,286
Asp Hα,Asp Qβ,250,399,286