Phe2 HN,Asp3 HN,255,243,265
Val1 HN,Val1 Ha,263,250,274
Phe2 HN,Phe2 Ha,247,236,257
Asp3 HN,Asp3 Ha,235,226,243
Gly4 HN,Gly4 HaproR,280,253,292
Gly4 HN,Gly4 HaproS,250,239,260
Arg5 HN,Arg5 Ha,270,240,280
Val1 HN,Arg5 Ha,310,240,360
Phe2 HN,Val1 Ha,268,254,280
Asp3 HN,Phe2 Ha,246,235,255
Gly4 HN,Asp3 Ha,236,226,244
Arg5 HN,Gly4 HaproR,230,221,250
Arg5 HN,Gly4 HaProS,380,340,420
Val1 HN,Val1 Hb,273,258,286
Phe2 HN,Phe2 HbT,322,298,341
Phe2 HN,Phe2 HbH,290,272,305
Asp3 HN,Asp3 HbT,320,296,339
Asp3 HN,Asp3 HbH,290,272,305
Val1 HN,Val1 HyproR,280,264,293
Asp3 Ha,Asp3 HbT,267,253,279
Asp3 Ha,Asp3 HbH,255,243,265
Phe2 Ha,Phe2 HbT,247,236,257
Phe2 Ha,Phe2 HbH,280,264,293
Phe2 HN,Val1 HyproS,280,264,293
Phe2 HAr,Val1 HYproR,280,264,293