Arg1 HN,Gly2 HN,260,247,273
Arg1 HN,Val5 HN,215,205,225
Gly2 HN,Asp3 HN,268,255,281
Arg1 HN,Arg1 Ha,250,238,262
Arg1 HN,Val5 Ha,258,245,271
Arg1 HN,Lys4 Ha,343,326,360
Arg1 HN,Val5 Hb,294,279,309
Arg1 HN,Arg1 Hb,317,295,429
Arg1 HN,Arg1 Hy,298,283,403
Arg1 Ha,Arg1 Hb,276,256,385
Arg1 Ha,Arg1 Hy,272,259,349
Arg1 Ha,Arg1 Hd,322,306,396
Arg1 Hb,Arg1 Hd,293,291,407
Gly2 HN,Gly2 Ha,260,235,375
Gly2 HN,Arg1 Ha,244,232,256
Gly2 HN,Arg1 Hb,373,349,486
Asp3 HN,Gly2 Ha,245,233,348
Asp3 HN,Asp3 Ha,280,266,294
Asp3 HN,Asp3 Hb,294,280,387
Asp3 Ha,Asp3 Hb,271,257,375
Lys4 HN,Asp3 Ha,240,228,252
Lys4 HN,Lys4 Ha,280,266,294
Lys4 HN,Lys4 Hb,317,291,432
Lys4 Ha,Lys4 Hb,278,264,382
Lys4 Ha,Lys4 Hd,293,278,368
Val5 HN,Lys4 Ha,219,208,230
Val5 HN,Val5 Ha,278,264,292
Val5 HN,Val5 Hb,272,259,285
Val5 Ha,Val5 Hb,268,255,281