Arg1 NH,Ala6 NH,300,277,279
Arg1 NH,Arg1 Ha,254,243,273
Arg1 Ha,Arg1 HbproR,293,271,304
Arg1 Ha,Arg1 HbproS,275,261,252
Gly2 NH,Arg1 Ha,218,214,215
Gly2 NH,Gly2 H2a*,379,222,238
Asp3 NH,Asp3 Ha,287,266,281
Asp3 NH,Asp3 H2b*,330,240,299
Asp3 Ha,Asp3 H2b*,332,242,302
Phe4 NH,Asp3 NH,240,234,261
Phe4 NH,Phe4 HbproR,235,229,237
Phe4 NH,Phe4 HbproS,339,315,358
Phe4 Ha,Pro5 H2d*,303,208,226
Phe4 Ha,Phe4 HbproR,305,282,303
Phe4 Ha,Phe4 HbproS,263,245,248
Ala6 NH,Phe4 H2b*,405,315,325
Ala6 NH,Pro5 Ha,364,352,355
Ala6 NH,Pro5 HbproR,254,251,261
Ala6 NH,Pro5 H2d*,427,307,367
Ala6 NH,Ala6 Ha,262,252,280
Ala6 NH,Ala6 CH3b,351,246,268