a1,a2,Upperbound,Lowerbound
1Caa CaH(pro-S),2Leu NH,2.68,2.19
4Met NH,1Caa NH,3.13,2.56
3Phe CβH(pro-R),4Met NH,3.20,2.62
3Phe NH,2Leu NH,3.28,2.69
2Leu CβH(pro-R),3Phe NH,3.36,2.75
1Caa CβH,4Met NH,3.38,2.76
4Met CβH,1Caa NH,3.41,2.79
4Met NH,2Leu CaH,3.45,2.82
3Phe CaH,1Caa NH,3.45,2.83
3Phe CaH,4Met NH,3.46,2.83
4Met NH,3Phe NH,3.48,2.85
2Leu CaH,3Phe NH,3.50,2.86
1Caa CaH(pro-S),3Phe NH,3.57,2.92
2Leu CβH(pro-S),3Phe NH,3.60,2.95
3Phe CaH,2Leu NH,3.84,3.14
4Met CyH,1Caa NH,4.01,3.28
1Caa NH,3Phe NH,4.64,3.79