Gly4 HN,Arg5 HN,270,256,282
Asp3 HN,Phe2 HN,315,292,333
Gly4 HN,Asp3 HN,308,287,325
Val1 HN,Val1 Ha,258,245,269
Phe2 HN,Phe2 Ha,250,239,260
Asp3 HN,Asp3 Ha,281,265,295
Gly4 HN,Gly4 HaproR,242,232,251
Gly4 HN,Gly4 HaproS,278,262,291
Arg5 HN,Arg5 Ha,260,247,310
Val1 HN,Arg5 Ha,330,304,400
Phe2 HN,Val1 Ha,283,266,297
Asp3 HN,Phe2 Ha,225,217,232
Gly4 HN,Asp3 Ha,236,226,244
Arg5 HN,Gly4 HaproR,236,226,244
Arg5 HN,Gly4 HaProS,270,256,320
Val1 HN,Val1 Hb,280,264,293
Phe2 HN,Phe2 Hblow,303,283,319
Phe2 HN,Phe2 Hbhigh,300,280,316
Phe2 Ha,Phe2 Hblow,272,257,284
Phe2 Ha,Phe2 Hbhigh,268,254,280
Asp3 HN,Phe2 Hblow,350,319,374
Asp3 HN,Phe2 Hbhigh,350,319,374
Asp3 HN,Asp3 Hblow,279,263,292
Asp3 HN,Asp3 Hbhigh,271,256,283
Asp3 Ha,Asp3 Hblow,273,258,286
Asp3 Ha,Asp3 Hbhigh,266,252,278
Val1 HN,Val1 HyproR,300,280,316
Val1 HN,Val1 HyproR,360,326,385
Val1 Ha,Val1 Hb,280,264,293
Phe2 HN,Val1 Hb,245,234,294
Arg5 HN,Arg5 Hb,222,214,329