Arg1 HN,Gly2 HN,276,249,304
Gly2 HN,Asp3 HN,378,340,415
Gly2 HN,Lys4 HN,320,288,352
Asp3 HN,Lys4 HN,246,222,271
Lys4 HN,Val5 HN,357,321,392
Arg1 HN,Arg1 Ha,283,254,311
Arg1 HN,Val5 Ha,212,191,234
Arg1 HN,Arg1 Hb,"235,322",212,355
Arg1 HN,Val5 Hy,340,306,550
Arg1 Ha,Arg1 Hb,"254,259",229,285
Arg1 Hd,Arg1 He,304,280,411
Gly2 HN,Arg1 Ha,287,258,316
Gly2 HN,Gly2 Ha,"266,271",242,358
Asp3 HN,Gly2 Ha,"216,285",225,341
Asp3 HN,Asp3 Ha,285,257,314
Asp3 HN,Asp3 Hb,236,212,326
Asp3 Ha,Asp3 Hb,238,215,328
Lys4 HN,Gly2 Ha,331,298,421
Lys4 HN,Lys4 Hb,332,299,422
Lys4 HN,Asp3 Hb,285,256,375
Lys4 HN,Lys4 Hy,309,278,399
Lys4 HN,Lys4 Hd,354,319,444
Lys4 Ha,Lys4 Hb,282,254,372
Val5 HN,Lys4 Ha,219,197,241
Val5 HN,Val5 Ha,282,253,310
Val5 HN,Val5 Hb,244,219,268
Val5 HN,Lys4 Hb,363,327,453
Val5 Ha,Val5 Hb,296,266,325
Val5 Ha,Val5 Hy,275,248,486