a1,a2,dNOE,dUP,dLOW
D-Ala2 HN,Asp3 HN,331,364,298
Arg1 HN,Arg1 Hb,291/274,320,247
Arg1 HN,Arg1 Hy,326/306,359,275
Arg1 Ha,Arg1 Hb,285/282,314,254
Arg1 Ha,Arg1 Hy,297/296,327,266
Arg1 Ha,Arg1 Hd,321,411,289
Arg1 HNe,Arg1 Hb,327/318,360,286
Arg1 HNe,Arg1 Hy,299,329,269
Arg1 HNe,Arg1 Hd,241,331,217
Arg1 HN,Val5 Ha,265,292,239
Arg1 HN,Val5 Hb,244,268,220
Arg1 HN,Val5 Hy,300,520,270
D-Ala2 HN,D-Ala2 Hb,230,330,207
D-Ala2 HN,Arg1 Hb,342/337,376,303
D-Ala2 HN,Arg1 Hy,377/361,415,325
D-Ala2 Ha,Asp3 Hb,418,518,376
Asp3 HN,Asp3 Ha,275,303,248
Asp3 HN,Asp3 Hb,270,360,243
Asp3 Ha,Asp3 Hb,231,321,208
Asp3 HN,D-Ala2 Hb,350,450,315
Asp3 Ha,D-Ala2 Hb,372,472,335
Asp3 Hb,Val5 Hy,376,596,338
BTD4 HN,BTD4 H3,340,374,306
BTD4 HN,BTD4 H4,385,475,347
BTD4 H6,BTD4 H4,252,342,227
BTD4 H6,BTD4 H5proR,234,257,211
BTD4 H6,BTD4 H5proS,379,417,341
BTD4 H6,BTD4 H8proR,445,490,401
BTD4 H6,BTD4 H8proS,280,308,252
BTD4 H3,BTD4 H4,253,343,228
BTD4 H3,BTD4 H5proS,276,304,248
BTD4 H4,BTD4 H5proR,226,316,203
BTD4 H9,BTD4 H5proS,396,436,356
BTD4 H9,BTD4 H8proR,237,261,213
BTD4 H9,BTD4 H8proS,316,348,284
BTD4 HN,Asp3 Ha,286,315,257
BTD4 H6,Val5 Hy,306,526,275
BTD4 H9,Val5 Hy,397,617,357
BTD4 H8proS,Val5 Hy,316,536,284
Val5 HN,Val5 Ha,280,308,252
Val5 HN,Val5 Hb,287,316,258
Val5 HN,Val5 Hy,250,470,225
Val5 Ha,Val5 Hy,239,459,215
Val5 Ha,Val5 Hb,251,276,226
Val5 HN,BTD4 H4,390,480,351
Val5 HN,BTD4 H6,260,286,234
Val5 HN,BTD4 H9,291,320,262
Val5 HN,BTD4 H8proS,317,349,285