Arg1 NH, Arg1 Ha,278,276,283
Arg1 NH,Arg1 H2b*,406,310,332
Arg1 NH,Pro5 Ha,380,360,403
Arg1 NH,Gly6 H2a*,420,310,309
Arg1 Ha,Arg1 H2b*,334,240,269
Arg1 Ha,Arg1 H2y*,384,285,254
Gly2 NH,Gly2 HaproS,270,244,275
Asp3 NH,Asp3 Ha,284,272,286
Asp3 NH,Asp3 H2b*,342,252,291
Asp3 NH,Phe4 NH,257,240,264
Asp3 Ha,Asp3 H2b*,339,249,277
Phe4 NH,Asp3 Ha,314,300,335
Phe4 NH,Phe4 Ha,266,264,290
Phe4 NH,Phe4 HbproR,262,245,252
Phe4 NH,Phe4 HbproS,336,308,372
Phe4 Ha,Pro5 H2d*,430,213,233
Phe4 Ha,Phe4 HbproR,297,267,302
Phe4 Ha,Phe4 HbproS,258,252,254
Pro5 Ha,Pro5 HbproR,303,283,303
Pro5 Ha,Pro5 HbproS,238,232,235
Gly6 NH,Arg1 NH,271,264,310
Gly6 NH,Pro5 Ha,215,206,207
Gly6 NH,Pro5 H2b*,438,314,387
Gly6 NH,Gly6 H2a*,336,213,255