L2:HN,C1:Hb*,2.14,2.54,"2.38, 2.51"
L3:HN,L2:HN,2.81,3.43,3.12
M5:HN,R6:HN,1.95,2.39,2.17
I8:HN,S7:HN,2.06,2.51,2.28
I8:HN,S7:Ha,2.24,2.74,2.49
I8:HN,S7:Hb*,3.13,4.83,3.48
C9:HN,I8:HN,2.33,2.85,2.59
C9:HN,I8:Hb,2.67,3.26,2.96
L2:HN,L2:Ha,2.00,2.44,2.22
R4:HN,R4:Hb*,2.18,3.66,2.42
R4:HN,R4:Hc*,2.41,3.95,2.68
R4:He,R4:Ha,3.49,4.27,3.88
R4:He,R4:Hb*,3.15,4.85,3.50
R4:He,R4:Hc*,3.10,4.79,3.44
R4:He,R4:Hd*,2.73,4.34,3.03
R4:Ha,R4:Hb*,1.94,3.37,2.16
R4:Ha,R4:Hd*,4.07,5.98,4.53
R4:Hb*,R4:Hc*,2.26,4.76,2.51
M5:HN,M5:Hb*,2.27,2.91,"2.98, 2.52"
M5:HN,M5:Hc*,2.42,2.85,"2.69, 2.73"
M5:Ha,M5:Hb*,2.22,2.70,"2.46, 2.70"
M5:Ha,M5:Hc*,2.29,2.66,"2.55, 2.54"
R6:HN,R6:Hb*,2.54,4.10,2.82
R6:HN,R6:Hc*,2.66,4.25,2.95
R6:He,R6:Ha,2.79,3.41,3.10
R6:He,R6:Hb*,2.82,4.45,3.13
R6:He,R6:Hc*,2.85,4.49,3.17
R6:He,R6:Hd*,2.75,4.36,3.05
R6:Ha,R6:Hb*,1.95,3.38,2.16
R6:Ha,R6:Hd*,2.54,4.11,2.83
S7:HN,S7:Hb*,2.62,4.20,2.91
S7:Ha,S7:Hb*,1.81,3.21,2.01
I8:HN,I8:Ha,2.45,2.99,2.72
I8:HN,I8:Hb,2.21,2.70,2.45
I8:HN,I8:Hc1*,2.39,2.96,"2.96, 2.65"
I8:Ha,I8:Hc1*,2.25,2.62,"2.52, 2.50"
I8:Hb,I8:Hc1*,2.32,3.08,"2.58, 3.21"
I8:Hb,I8:Hc2*,2.23,3.72,2.47
I8:Hb,I8:Hd*,2.70,4.30,3.00
I8:Hc11,I8:Hc12,1.57,1.93,1.75
C9:HN,C9:Ha,2.33,2.85,2.59
C9:HN,C9:Hb*,2.33,2.86,"2.84, 2.59"
C9:Ha,C9:Hb*,1.84,3.25,-2.05